App name,OS
Bingo Quest - Summer Garden Adventure,Android
Word Bingo - Fun Word Game,Android
BINGO!,iOS
Bingo Bash - Bingo & Slots,Android
Bingo Clash: win real cash,iOS
Bingo Party - Free Bingo Games,Android
Bingo Scapes - Lucky Bingo Game Free to Play,GoogleTV
Money Bingo - Win Rewards & Huge Cash Out!,iPadOS
Bingo Frenzy: Bingo caller Bingo games for free,Android
Bingo Bash: Bingo & Slots,iOS
Bingo Classic Game - Offline Free,iOS
Bingo! Free Bingo Games,Android
Bingo Country Days,iOS
Bingo Wild-Free BINGO Games Online: Fun Bingo Game,Android
Cash Book,Android
Cashman Casino - Free Slots Machines & Vegas Games,Android
Grand Cash Slots: Free Casino Game,Android
Play and Win - Win Cash Prizes!,Android
Cashier in the supermarket. Games for kids,Android
Cash Tornado Slots - Vegas Casino Slots,iPadOS
Bingo Clash: win real cash,iOS
Pocket7Games: Play for Cash,iOS
Solitaire Cash,iOS
Cashman Casino Las Vegas Slots,Android
Cash Frenzy™ - Slots Casino,GoogleTV
Money Bingo - Win Rewards & Huge Cash Out!,iPadOS
Cash Bash Casino - Free Slots Games,iPadOS
Cash Inc. Fame & Fortune Game,Android
Rock N' Cash Casino Slots -Free Vegas Slot Machine,iPadOS
Play To Win: Win Real Money in Cash Sweepstakes,iOS
PCH Lotto - Real Cash Jackpots,Android
Cash Frenzy™ Casino – Free Slots Games,Android
Words to Win: Cash Giveaway,Android
Cash Tornado Slots - Casino,Android
Cash Hoard Slots！Real Las Vegas Casino Slots Game,iOS
Weed Inc: Idle Cash,Android
Game of Thrones Slots Casino - Slot Machine Games,Android
Slots - casino slot machines free,Android
my KONAMI Slots – Casino Slots,Android
Huge Win Slots: Las Vegas Casino Free Spin to 777,iPadOS
Cashman Casino - Free Slots Machines & Vegas Games,Android
Grand Cash Slots: Free Casino Game,Android
Golden Casino - Best Free Slot Machines  Games,Android
Big Fish Casino – Play Slots & Vegas Games,iOS
Classic Slots - Free Casino Slot Games,Android
Cash Tornado Slots - Vegas Casino Slots,iPadOS
Coin Dozer: Casino,iOS
Heart of Vegas™ Slots – Free Slot Casino Games,iPadOS
Double Win Slots Casino Game,Android
Scatter Slots: Free Casino Slot Machines Online,Android
Jackpot Mania™ - Casino Slots,iOS
Lightning Link Casino – Free Slots Games,Android
Slotsmash - Casino Slot Games,Android
Cashman Casino Las Vegas Slots,Android
POP! Slots - Free Vegas Casino Slot Machine Games,Android
Cash Frenzy™ - Slots Casino,GoogleTV
Slots Billionaire - Free Casino Slot Games!,Android
my KONAMI Slots - Free Vegas Casino Slot Machines,Android
Jackpot Boom Free Slots : Spin Vegas Casino Games,iOS
Classic Slots™: Vegas Casino,Android
Slots Era: Best Online Casino Slots Machines,iOS
Cash Bash Casino - Free Slots Games,iPadOS
Slots Billionaire - Free Casino Slot Games!,Android
Zynga Poker - Texas Holdem,iOS
Zynga Poker – Texas Holdem,iOS
Solitaire Poker Games,iOS
Holdem or Foldem - Poker Texas Holdem,Android
Video Poker Deluxe,Android
Mega Hit Poker: Texas Holdem massive tournament,iPadOS
Governor of Poker 3 - Texas Holdem Poker Online,Android
Poker Offline - Free Texas Holdem Poker Games,Apple TV Software
Zynga Poker - Texas Holdem,iOS
Texas Holdem & Omaha Poker: Pokerist,Android
MONOPOLY Poker - The Official Texas Holdem Online,Android
Poker Championship online,Android
Poker Live,Android
Video Poker by Pokerist,iOS
Texas Holdem Poker: Pokerist,Android
Solitaire Poker Games,iOS
Video Poker Classic Free,Android
Scatter HoldEm Poker - Texas Holdem Online Poker,Android
Ultimate X Poker™ - Video Poker,Android
Vegas Craps by Pokerist,Android
DH Texas Poker - Texas Hold'em,Android
Governor of Poker 3 -  Online,Android
Poker Championship - Holdem,Android
Video Poker Deluxe Casino,Android
VIDEO POKER OFFLINE FREE!,Android
Svara - 3 Card Poker Online Card Game,iOS
Mega Hit Poker: Texas Holdem,Android
Video Poker Multi Pro Casino,iOS
Coin Dozer: Casino,Android
Game of Coinball,Android
COIN,Android
Piggy GO - Clash of Coin,Android
CoinGecko - Bitcoin & Cryptocurrency Tracker,Android
COIN: Always Be Earning,Android
Cool Match Game: Coinnect™ Earn Real Rewards,Android
Coin Dozer - Free Prizes,Android
Island King - Coin Adventure,iPadOS
Coin Dozer,iOS
Time Master - Coin Adventure,Android
Coin Master,Android
Coin Rush!,Android
Coin Master,Android
Age of Coins: War Master,iOS
Piggy GO - Clash of Coin,Android
Dice With Buddies: Dice Game,iOS
Yazy the best yatzy dice game,Android
Dice Puzzle - Merge puzzle,Android
Yatzy-Free social dice game,Android
Ludo Party : Dice Board Game,Android
Dice Dreams™️,Android
Dice With Buddies™ Free - The Fun Social Dice Game,Android
Yazy the best yatzy dice game,Android
Solitaire,Android
Solitaire – Classic Card Game.,Android
Classic Solitaire,Android
Pyramid Solitaire,Android
Solitaire: Card Games Classic,Android
Solitaire,Android
Solitaire - A Classic Card Game,iOS
Mahjong Solitaire,Android
Aces Up Solitaire ·,Android
Solitaire Classic,Android
Solitaire - Classic Card Game Klondike & Patience,Android
Spider Solitaire,Android
Spider Solitaire: Card Game,iOS
FreeCell Solitaire Card Game,iOS
Mahjong Solitaire: Classic,Android
Solitaire Mania,Android
Solitaire,Android
Solitaire,Android
Solitaire - Free Classic Solitaire Card Games,Android
FreeCell Solitaire,iOS
Solitaire TriPeaks,Android
⋆Spider Solitaire,Android
Money Bingo - Win Rewards & Huge Cash Out!,iPadOS
Cool Match Game: Coinnect™ Earn Real Rewards,Android
S’more - Earn Cash Rewards,Android
Cashzine: Buzz Interact & Get Reward Daily,iPadOS
cashKarma Rewards & Gift Cards,iOS
Tile Master - Classic Triple Match & Puzzle Game,Android
Onet - Connect & Match Puzzle,Android
Tile Master 3D - Classic Match,Android
Find 3D - Match Items,Android
Match 3D,iOS
Party Match,Android
Cube Master 3D - Match 3 & Puzzle Game,iOS
Tile Master 3D - Classic Puzzle & Triple Match,Android
Jewel Fever - Match 3 Games,Android
Jewels Planet - Free Match 3 & Puzzle Game,Android
Onnect – Pair Matching Puzzle,Android
Mahjong Triple 3D - Tile Match Master,iOS
Match 3D - Matching Puzzle Game,iOS
3 Tiles - Puzzle Match Game,Android
Clockmaker - Amazing Match 3,Android
Tile Triple 3D - Match Master,iOS
Clockmaker: Match Three Games,Android
Match Tile 3D,iOS
Jewel Pop Mania:Match 3 Puzzle,Android
Number Match - Logic Puzzle Game,Android
Match Triple 3D: Matching Tile,Android
Match Tile 3D,iOS
Tile Master 3D - Classic Match,Android
Tile Connect Master:Block Match Puzzle Game,iPadOS
Merge Battle Car: Best Idle Clicker Tycoon game,Android
Merge Mania,Android
Merge Muscle Car: Classic American Muscle Merger,iOS
Drop The Number : Merge Puzzle,iOS
X2 Blocks - Merge Puzzle 2048,iOS
Merge Sandwich: Happy Club Sandwich Restaurant,Android
Dice Puzzle - Merge puzzle,Android
Merge Truck: Monster Truck Evolution Merger game,GoogleTV
Merge Battle Car: Best Idle Clicker Tycoon game,Android
Merge Number Puzzle,Android
Merge Muscle Car: Classic American Muscle Merger,iOS
Merge Sandwich: Happy Club Sandwich Restaurant,Android
Merge Mania,Android
Drop The Number : Merge Puzzle,iOS
Merge Dragons!,iOS
Chain Cube: 2048 3D merge game,Android
X2 Blocks - Merge Puzzle 2048,iOS